9281G;C9281G;GG;C2701L
9292G;C9292G;G;C2701L
9693F;C9693F;G;C2701L
9750F;C9750F;P;C2701L
9741F-LOG;C9741F-LOG;GG;C2701L
9771C;C9771C;P;C2701L
00626ZZ;C00626ZZ;G;C2701L
9075D;C9075D;M;C2701L
9172D;C9172D;G;C2701L
9921D;C9921D;M;C2701L
9294G-LOG;C9294G-LOG;M;C2701L
9299G;C9299G;P;C2701L
9768E;C9768E;M;C2701L
9271G-LOG;C9271G-LOG;G;C2701L
9859E;C9859E;P;C2701L
9797D;C9797D;G;C2701L
9533G;C9533G;M;C2701L
9178F;C9178F;P;C2701L
9000G;C9000G;P;C2701L
9172G;C9172G;G;C2701L
9204G-LOG;C9204G-LOG;G;C2701L
9551G;C9551G;G;C2701L
9411F;C9411F;G;C2701L
9566G;C9566G;G;C2701L
9162G-LOG;C9162G-LOG;M;C2701L
9142F;C9142F;M;C2701L
9325G;C9325G;G;C2701L
9707F;C9707F;GG;C2701L
9597G-LOG;C9597G-LOG;G;C2701L
9598G-LOG;C9598G-LOG;G;C2701L
9599G-LOG;C9599G-LOG;G;C2701L
9475F;C9475F;M;C2701L
9646G-LOG;C9646G-LOG;G;C2701L
9625G;C9625G;G;C2701L
9689G;C9689G;GG;C2701L
9707G;C9707G;P;C2701L
9698G-LOG;C9698G-LOG;GG;C2701L
9847F;C9847F;GG;C2701L
9351E;C9351E;G;C2701L
9644G;C9644G;G;C2701L
9751G;C9751G;M;C2701L
9721G-LOG;C9721G-LOG;G;C2701L
9222F;C9222F;M;C2701L
9725G-LOG;C9725G-LOG;G;C2701L
9697G;C9697G;M;C2701L
9720G-LOG;C9720G-LOG;M;C2701L
9652G-LOG;C9652G-LOG;G;C2701L
9793G;C9793G;G;C2701L
9802D;C9802D;GG;C2701L
9803D;C9803D;P;C2701L
9816G;C9816G;G;C2701L
9798G-LOG;C9798G-LOG;G;C2701L
9838G;C9838G;M;C2701L
9826G;C9826G;M;C2701L
9848G;C9848G;GG;C2701L
9825G;C9825G;GG;C2701L
9859G;C9859G;GG;C2701L
9022F;C9022F;M;C2701L
9882G;C9882G;G;C2701L
9884G-LOG;C9884G-LOG;GG;C2701L
9778G;C9778G;G;C2701L
9856G;C9856G;G;C2701L
9902G;C9902G;XG;C2701L
9911G;C9911G;G;C2701L
9913G;C9913G;M;C2701L
9937G-LOG;C9937G-LOG;G;C2701L
9938G-LOG;C9938G-LOG;G;C2701L
9955G;C9955G;P;C2701L
9932G;C9932G;P;C2701L
9958G;C9958G;G;C2701L
9959G;C9959G;UNICO;C9959G
9960G;C9960G;UNICO;C9959G
9961G;C9961G;UNICO;C9959G
9962G;C9962G;UNICO;C9959G
9963G;C9963G;UNICO;C9959G
9964G;C9964G;UNICO;C9959G
9965G;C9965G;UNICO;C9959G
9966G;C9966G;UNICO;C9959G
9967G;C9967G;UNICO;C9959G
9968G;C9968G;UNICO;C9959G
9985G-LOG;C9985G-LOG;G;C2701L
9986G-LOG;C9986G-LOG;G;C2701L
9998G-LOG;C9998G-LOG;G;C2701L
9976G;C9976G;G;C2701L
9978G-LOG;C9978G-LOG;G;C2701L
9028H;C9028H;P;C2701L
9039H;C9039H;G;C2701L
9812G;C9812G;P;C2701L
9002H;C9002H;GG;C2701L
9067H;C9067H;G;C2701L
9055H;C9055H;M;C2701L
9110H;C9110H;G;C2701L
9111H;C9111H;G;C2701L
9138H;C9138H;M;C2701L
