20371;C1900J
20372;C1901K
20373;C1902K
20374;C1903K
20375;C1917K
20376;C1918K
20377;C1923K
20378;C1927E
20379;C1929J
20380;C2011G
20381;C2053N
20382;C2054N
20383;C2056N
20384;C2057N
20385;C2058N
20386;C2062N
20387;C2063N
20388;C2064N
20389;C2065N
20390;C2066N
20391;C2067N
20392;C2069N
20393;C2071N
20394;C2072N
20395;C2084K
20396;C2088N
20397;C2095N
20398;C2096N
20399;C2108H
20400;C2108N
20401;C2243M
20402;C2244M
20403;C2475C
20404;C2490J
20405;C2684I
20406;C2762M
20407;C2780M
20408;C2843F
20409;C2887M
20410;C2914M
20411;C2977J
20412;C3009I
20413;C3098J
20414;C3123G
20415;C3162J
20416;C3281H
20417;C3282H
20418;C3401F
20419;C3429J
20420;C3508ZZ
20421;C3515ZZ
20422;C3517ZZ
20423;C3534ZZ
20424;C3540ZZ
20425;C3553ZZ
20426;C3567J
20431;C3601G
20432;C3603J
20433;C3689J
20434;C3777J
20435;C3778J
20436;C3840I
20437;C3842J
20438;C3858J
20439;C3880J
20440;C3946H
20441;C3947H
20442;C3951J
20443;C3952J
20444;C3953J
20445;C3957J
20446;C3958J
20447;C3961J
20448;C3965J
20449;C3966J
20450;C3969J
20451;C3970J
20452;C3977J
20453;C4313ZZ
20454;C4968B
20455;C4969B
20456;C4971B
20457;C4972B
20458;C5005F
20459;C5008F
20460;C5014D
20461;C5022B
20462;C5042E
20463;C5046E
20464;C5048E
20465;C5061D
20466;C5073E
20467;C5091D
20468;C5107E
20469;C5113E
20470;C5118E
20471;C5128C
20472;C5148D
20473;C5160E
20474;C5162E
20475;C5175D
20476;C5185E
20477;C5193C
20478;C5204D
20479;C5229E
20480;C5237C
20481;C5245D
20482;C5282E
20483;C5331D
20484;C5332D
20485;C5349D
20486;C5365D
20487;C5427E
20488;C5433D
20489;C5446E
20490;C5472E
20491;C5474E
20492;C5490E
20493;C5518E
20494;C5525E
20495;C5526E
20496;C5530E
20497;C5536E
20498;C5540B
20499;C5542E
20500;C5557E
20501;C5564E
20502;C5565E
20503;C5570E
20504;C5572E
20505;C5577E
20506;C5580E
20507;C5584E
20508;C5586D
20509;C5586E
20510;C5598E
20511;C5620E
20512;C5623C
20513;C5626E
20514;C5631E
20515;C5632E
20516;C5661D
20517;C5664E
20518;C5668E
20519;C5669D
20520;C5684E
20521;C5685E
20522;C5689E
20523;C5697C
20524;C5712C
20525;C5712E
20526;C5719E
20527;C5720E
20528;C5723E
20529;C5741E
20530;C5749E
20531;C5793E
20532;C5815E
20533;C5835E
20534;C5836E
20535;C5838D
20536;C5844D
20537;C5857C
20538;C5858B
20539;C5866E
20540;C5870E
20541;C5876D
20542;C5881E
20543;C5893E
20544;C5893E-CTO
20545;C5896E
20546;C5899E
20547;C5900B
20548;C5902E
20549;C5902ZZ
20550;C5903E-CTO
20551;C5915D
20552;C5921E
20553;C5934D
20554;C5937E
20555;C5944C
20556;C5962C
20557;C5977C
20558;C5978C
20559;C5995D
20560;C6027K
20561;C6046N
20562;C6092N
20563;C6104ZZ
20564;C6115L
20565;C6123ZZ
20566;C6124ZZ
20567;C6134ZZ
20568;C6157M
20569;C6201
20570;C6229N
20571;C6267N
20572;C6269M
20573;C6280J
20574;C6317J
20575;C6366M
20576;C6369H
20577;C6370H
20578;C6371H
20579;C6382M
20580;C6392A
20581;C6419G
20582;C6428N
20583;C6430N
20584;C6431J
20585;C6432N
20586;C6433N
20587;C6442N
20588;C6443N
20589;C6444N
20590;C6445N
20591;C6446N
20592;C6447N
20593;C6448N
20594;C6450N
20595;C6451N
20596;C6462N
20597;C6479M
20598;C6559M
20599;C6612I
20600;C6682J
20601;C6697M
20602;C6746M
20603;C6750K
20604;C6782J
20605;C6802M
20606;C6853M
20607;C6862M
20608;C6871M
20609;C6935M
20610;C9004G
20611;C9006G
20612;C9008H
20613;C9017H
20614;C9018G
20615;C9023G
20616;C9024H
20617;C9025G
20618;C9026G
20619;C9032H
20620;C9033G
20621;C9033H
20622;C9036G
20623;C9036H
20624;C9037G
20625;C9038G
20626;C9038H
20627;C9040B
20628;C9044D
20629;C9048H
20630;C9049H
20631;C9055G
20632;C9056G
20633;C9057G
20634;C9058G
20635;C9059G
20636;C9060G
20637;C9062G
20638;C9063G
20639;C9064G
20640;C9064H
20641;C9065G
20642;C9069H
20643;C9070H
20644;C9071G
20645;C9078G
20646;C9079G
20647;C9080D
20648;C9080G
20649;C9081H
20650;C9082G
20651;C9083G
20652;C9086G
20653;C9090E
20654;C9092E
20655;C9094G
20656;C9096G
20657;C9098G
20658;C9100F
20659;C9100G
20660;C9101G
20661;C9102G
20662;C9103G
20663;C9103H
20664;C9104G
20665;C9106E
20666;C9106H
20667;C9107E
20668;C9113G
20669;C9116H
20670;C9118G
20671;C9118H
20672;C9119G
20673;C9119H
20674;C9120G
20675;C9121E
20676;C9122F
20677;C9123G
20678;C9123H
20679;C9126H
20680;C9127G
20681;C9128H
20682;C9133G
20683;C9133H
20684;C9134H
20685;C9136E
20686;C9139G
20687;C9139H
20688;C9141H
20689;C9145G
20690;C9145H
20691;C9146H
20692;C9148H
20693;C9155G
20694;C9161C
20695;C9164G
20696;C9170G
20697;C9175G
20698;C9179G
20699;C9180F
20700;C9181F
20701;C9186G
20702;C9190F
20703;C9200F
20704;C9208A
20705;C9210G
20706;C9212G
20707;C9214G
20708;C9220G
20709;C9221G
20710;C9235B
20711;C9248G
20712;C9250G
20713;C9251G
20714;C9252G
20715;C9253G
20716;C9254C
20717;C9256G
20718;C9261C
20719;C9266G
20720;C9269G
20721;C9271G-LOG
20722;C9285E
20723;C9285G
20724;C9290G
20725;C9291G
20726;C9294G-LOG
20727;C9295G
20728;C9301G
20729;C9303G
20730;C9309G
20731;C9312G
20732;C9316G
20733;C9319G
20734;C9355E
20735;C9362E
20736;C9370F
20737;C9381E
20738;C9385F
20739;C9401D
20740;C9413A
20741;C9422E
20742;C9423E
20743;C9428D
20744;C9440D
20745;C9447E
20746;C9481F
20747;C9487E
20748;C9528G
20749;C9532G
20750;C9536F
20751;C9538G
20752;C9539C
20753;C9543C
20754;C9546G
20755;C9549G
20756;C9552F
20757;C9553F
20758;C9560G
20759;C9561G
20760;C9562C
20761;C9562G
20762;C9580G
20763;C9581G
20764;C9582G
20765;C9583G
20766;C9586G
20767;C9587G
20768;C9588G
20769;C9590G
20770;C9602F
20771;C9604F
20772;C9605F
20773;C9610G
20774;C9614F
20775;C9625D
20776;C9626G
20777;C9628A
20778;C9628G
20779;C9629G
20780;C9634F
20781;C9635F
20782;C9636F
20783;C9636G
20784;C9639G
20785;C9640E
20786;C9643G
20787;C9645G
20788;C9647G
20789;C9653G
20790;C9660F
20791;C9662G
20792;C9666D
20793;C9669C
20794;C9670C
20795;C9680E
20796;C9681E
20797;C9683G
20798;C9686G
20799;C9687G
20800;C9691G
20801;C9696G
20802;C9700G
20803;C9701F
20804;C9706F
20805;C9710F
20806;C9710G
20807;C9716G
20808;C9717G
20809;C9718G
20810;C9723G
20811;C9729G
20812;C9730G
20813;C9734G
20814;C9735G
20815;C9739E
20816;C9739G
20817;C9740G
20818;C9741F-LOG
20819;C9749G
20820;C9750D
20821;C9752G
20822;C9753G
20823;C9755E
20824;C9755G
20825;C9759F
20826;C9760E
20827;C9763G
20828;C9764G
20829;C9766G
20830;C9769A
20831;C9770A
20832;C9771C
20833;C9774E
20834;C9775E
20835;C9779D
20836;C9782G
20837;C9783G
20838;C9791G
20839;C9795F
20840;C9796C
20841;C9799G
20842;C9800G
20843;C9803F
20844;C9806G
20845;C9809G
20846;C9810G
20847;C9813E
20848;C9814E
20849;C9815G
20850;C9820F
20851;C9822G
20852;C9826A
20853;C9832G
20854;C9833G
20855;C9834D
20856;C9834G
20857;C9838F
20858;C9840E
20859;C9843F
20860;C9843G
20861;C9844D
20862;C9853G
20863;C9854F
20864;C9857E
20865;C9862E
20866;C9863G
20867;C9866F
20868;C9866G
20869;C9872F
20870;C9874F
20871;C9875F
20872;C9875G
20873;C9876F
20874;C9876G
20875;C9877F
20876;C9878G
20877;C9879B
20878;C9881F
20879;C9886G
20880;C9887G
20881;C9890F
20882;C9892G
20883;C9894G
20884;C9896F
20885;C9897F
20886;C9898D
20887;C9898F
20888;C9900B
20889;C9900F
20890;C9901G
20891;C9903C
20892;C9903G
20893;C9904F
20894;C9904G
20895;C9905G
20896;C9912F
20897;C9914E
20898;C9916G
20899;C9919F
20900;C9919G
20901;C9920F
20902;C9922F
20903;C9922G
20904;C9923F
20905;C9924F
20906;C9925G
20907;C9927G
20908;C9933F
20909;C9934F
20910;C9935G
20911;C9938F
20912;C9939F
20913;C9941G
20915;C9943F
20916;C9949G
20917;C9950G
20918;C9952C
20919;C9957D
20920;C9965B
20921;C9965E
20922;C9966F
20923;C9970F
20924;C9970G
20925;C9971G
20926;C9974G
20927;C9980D
20928;C9980E
20929;C9980G
20930;C9981G
20931;C9982E
20932;C9982G
20933;C9991D
20934;C9996G
20935;C9998E
20936;C9999G
20937;E00473
20938;E00511
20939;E00512
20940;E00513
20941;E00514
20942;E00515
20943;E00516
20944;E00518
20945;E00519
20946;E00546
20947;E00547
20948;E00548
20949;E00549
20950;E00550
20951;E00551
20952;E00552
20953;E00660
20954;E00661
20955;E00662
20956;E01040
20957;E01041
20958;E1505
20959;E3545
20960;E3546
20961;E3548
20962;E3549
20963;E3550
20964;E3551
20965;E3552
20966;E3553
20967;E3554
20968;E3555
20969;E3557
20970;E3560
20971;E3561
20972;E3562
20973;E3563
20974;E3564
20975;E3565
20976;E3566
20981;E4300
20982;E4301
20983;E4303
20984;E4307
20985;E4308
20986;E4310
20987;E4313
20988;E4314
20989;E4315
20990;F1111
